DeliveryRatio,AvgDelay,AvgCriticalDelay,OverheadRatio,BufferDrops,Traffic
0.8534511407132674,885.3342615030991,902.9464158206272,26.2767483619146,0.0,Low
0.8480573095660329,934.1175362218679,922.8967235318074,26.362951212389465,32.35,Medium
0.3681809243676142,1789.0041829142963,1779.643608110025,32.51143914212288,807.75,High
