DeliveryRatio,AvgDelay,AvgCriticalDelay,OverheadRatio,BufferDrops,Traffic
0.8617376078303165,890.0019162084167,911.6127526196809,26.095155902523125,0.0,Low
0.8471604908613116,924.9062400096327,907.899189373294,25.778480409589367,27.7,Medium
0.6465928401034934,1566.6153050845162,1201.7891656224317,22.58738665524351,652.55,High
